Wavelength,B1,B2,B3,B4,B5,B6,B7,B8,B9,B10,B11,B12,B13,B14,B15,B16,B17,B18,B19,B20,B21
350,0,0,0,0,0,0,0,0,0,0,0,0,0,0,0,0,0,0,0,0,0
351,0,0,0,0,0,0,0,0,0,0,0,0,0,0,0,0,0,0,0,0,0
352,0,0,0,0,0,0,0,0,0,0,0,0,0,0,0,0,0,0,0,0,0
353,0,0,0,0,0,0,0,0,0,0,0,0,0,0,0,0,0,0,0,0,0
354,0,0,0,0,0,0,0,0,0,0,0,0,0,0,0,0,0,0,0,0,0
355,0,0,0,0,0,0,0,0,0,0,0,0,0,0,0,0,0,0,0,0,0
356,0,0,0,0,0,0,0,0,0,0,0,0,0,0,0,0,0,0,0,0,0
357,0,0,0,0,0,0,0,0,0,0,0,0,0,0,0,0,0,0,0,0,0
358,0,0,0,0,0,0,0,0,0,0,0,0,0,0,0,0,0,0,0,0,0
359,0,0,0,0,0,0,0,0,0,0,0,0,0,0,0,0,0,0,0,0,0
360,0,0,0,0,0,0,0,0,0,0,0,0,0,0,0,0,0,0,0,0,0
361,0,0,0,0,0,0,0,0,0,0,0,0,0,0,0,0,0,0,0,0,0
362,0,0,0,0,0,0,0,0,0,0,0,0,0,0,0,0,0,0,0,0,0
363,0,0,0,0,0,0,0,0,0,0,0,0,0,0,0,0,0,0,0,0,0
364,0,0,0,0,0,0,0,0,0,0,0,0,0,0,0,0,0,0,0,0,0
365,0,0,0,0,0,0,0,0,0,0,0,0,0,0,0,0,0,0,0,0,0
366,0,0,0,0,0,0,0,0,0,0,0,0,0,0,0,0,0,0,0,0,0
367,0,0,0,0,0,0,0,0,0,0,0,0,0,0,0,0,0,0,0,0,0
368,0,0,0,0,0,0,0,0,0,0,0,0,0,0,0,0,0,0,0,0,0
369,0,0,0,0,0,0,0,0,0,0,0,0,0,0,0,0,0,0,0,0,0
370,0,0,0,0,0,0,0,0,0,0,0,0,0,0,0,0,0,0,0,0,0
371,0,0,0,0,0,0,0,0,0,0,0,0,0,0,0,0,0,0,0,0,0
372,0,0,0,0,0,0,0,0,0,0,0,0,0,0,0,0,0,0,0,0,0
373,0,0,0,0,0,0,0,0,0,0,0,0,0,0,0,0,0,0,0,0,0
374,0,0,0,0,0,0,0,0,0,0,0,0,0,0,0,0,0,0,0,0,0
375,0,0,0,0,0,0,0,0,0,0,0,0,0,0,0,0,0,0,0,0,0
376,0,0,0,0,0,0,0,0,0,0,0,0,0,0,0,0,0,0,0,0,0
377,0,0,0,0,0,0,0,0,0,0,0,0,0,0,0,0,0,0,0,0,0
378,0,0,0,0,0,0,0,0,0,0,0,0,0,0,0,0,0,0,0,0,0
379,0,0,0,0,0,0,0,0,0,0,0,0,0,0,0,0,0,0,0,0,0
380,0,0,0,0,0,0,0,0,0,0,0,0,0,0,0,0,0,0,0,0,0
381,0,0,0,0,0,0,0,0,0,0,0,0,0,0,0,0,0,0,0,0,0
382,0,0,0,0,0,0,0,0,0,0,0,0,0,0,0,0,0,0,0,0,0
383,0,0,0,0,0,0,0,0,0,0,0,0,0,0,0,0,0,0,0,0,0
384,0,0,0,0,0,0,0,0,0,0,0,0,0,0,0,0,0,0,0,0,0
385,0,0,0,0,0,0,0,0,0,0,0,0,0,0,0,0,0,0,0,0,0
386,0,0,0,0,0,0,0,0,0,0,0,0,0,0,0,0,0,0,0,0,0
387,0,0,0,0,0,0,0,0,0,0,0,0,0,0,0,0,0,0,0,0,0
388,0,0,0,0,0,0,0,0,0,0,0,0,0,0,0,0,0,0,0,0,0
389,0,0,0,0,0,0,0,0,0,0,0,0,0,0,0,0,0,0,0,0,0
390,0.00244453,0,0,0,0,0,0,0,0,0,0,0,0,0,0,0,0,0,0,0,0
391,0.043939392,0,0,0,0,0,0,0,0,0,0,0,0,0,0,0,0,0,0,0,0
392,0.29549554,0,0,0,0,0,0,0,0,0,0,0,0,0,0,0,0,0,0,0,0
393,0.653690874,0,0,0,0,0,0,0,0,0,0,0,0,0,0,0,0,0,0,0,0
394,0.782188654,0,0,0,0,0,0,0,0,0,0,0,0,0,0,0,0,0,0,0,0
395,0.80435522,0,0,0,0,0,0,0,0,0,0,0,0,0,0,0,0,0,0,0,0
396,0.821044453,0,0,0,0,0,0,0,0,0,0,0,0,0,0,0,0,0,0,0,0
397,0.844894699,0,0,0,0,0,0,0,0,0,0,0,0,0,0,0,0,0,0,0,0
398,0.86299072,0,0,0,0,0,0,0,0,0,0,0,0,0,0,0,0,0,0,0,0
399,0.877556146,0,0,0,0,0,0,0,0,0,0,0,0,0,0,0,0,0,0,0,0
400,0.897438694,0,0,0,0,0,0,0,0,0,0,0,0,0,0,0,0,0,0,0,0
401,0.922075693,0,0,0,0,0,0,0,0,0,0,0,0,0,0,0,0,0,0,0,0
402,0.938806789,0,0,0,0,0,0,0,0,0,0,0,0,0,0,0,0,0,0,0,0
403,0.953407359,0,0,0,0,0,0,0,0,0,0,0,0,0,0,0,0,0,0,0,0
404,0.971664544,0,0,0,0,0,0,0,0,0,0,0,0,0,0,0,0,0,0,0,0
405,0.992840368,0.003672659,0,0,0,0,0,0,0,0,0,0,0,0,0,0,0,0,0,0,0
406,0.941845733,0.064791589,0,0,0,0,0,0,0,0,0,0,0,0,0,0,0,0,0,0,0
407,0.571761452,0.387394452,0,0,0,0,0,0,0,0,0,0,0,0,0,0,0,0,0,0,0
408,0.129503578,0.787631891,0,0,0,0,0,0,0,0,0,0,0,0,0,0,0,0,0,0,0
409,0.008179016,0.916008653,0,0,0,0,0,0,0,0,0,0,0,0,0,0,0,0,0,0,0
410,0,0.941954636,0,0,0,0,0,0,0,0,0,0,0,0,0,0,0,0,0,0,0
411,0,0.960624249,0,0,0,0,0,0,0,0,0,0,0,0,0,0,0,0,0,0,0
412,0,0.979556758,0,0,0,0,0,0,0,0,0,0,0,0,0,0,0,0,0,0,0
413,0,0.996321555,0,0,0,0,0,0,0,0,0,0,0,0,0,0,0,0,0,0,0
414,0,0.99682112,0,0,0,0,0,0,0,0,0,0,0,0,0,0,0,0,0,0,0
415,0,0.989483596,0,0,0,0,0,0,0,0,0,0,0,0,0,0,0,0,0,0,0
416,0,0.901932343,0,0,0,0,0,0,0,0,0,0,0,0,0,0,0,0,0,0,0
417,0,0.516818611,0,0,0,0,0,0,0,0,0,0,0,0,0,0,0,0,0,0,0
418,0,0.108149598,0,0,0,0,0,0,0,0,0,0,0,0,0,0,0,0,0,0,0
419,0,0.006555381,0,0,0,0,0,0,0,0,0,0,0,0,0,0,0,0,0,0,0
420,0,0,0,0,0,0,0,0,0,0,0,0,0,0,0,0,0,0,0,0,0
421,0,0,0,0,0,0,0,0,0,0,0,0,0,0,0,0,0,0,0,0,0
422,0,0,0,0,0,0,0,0,0,0,0,0,0,0,0,0,0,0,0,0,0
423,0,0,0,0,0,0,0,0,0,0,0,0,0,0,0,0,0,0,0,0,0
424,0,0,0,0,0,0,0,0,0,0,0,0,0,0,0,0,0,0,0,0,0
425,0,0,0,0,0,0,0,0,0,0,0,0,0,0,0,0,0,0,0,0,0
426,0,0,0,0,0,0,0,0,0,0,0,0,0,0,0,0,0,0,0,0,0
427,0,0,0,0,0,0,0,0,0,0,0,0,0,0,0,0,0,0,0,0,0
428,0,0,0,0,0,0,0,0,0,0,0,0,0,0,0,0,0,0,0,0,0
429,0,0,0,0,0,0,0,0,0,0,0,0,0,0,0,0,0,0,0,0,0
430,0,0,0,0,0,0,0,0,0,0,0,0,0,0,0,0,0,0,0,0,0
431,0,0,0,0,0,0,0,0,0,0,0,0,0,0,0,0,0,0,0,0,0
432,0,0,0,0,0,0,0,0,0,0,0,0,0,0,0,0,0,0,0,0,0
433,0,0,0,0,0,0,0,0,0,0,0,0,0,0,0,0,0,0,0,0,0
434,0,0,0,0,0,0,0,0,0,0,0,0,0,0,0,0,0,0,0,0,0
435,0,0,0.008230333,0,0,0,0,0,0,0,0,0,0,0,0,0,0,0,0,0,0
436,0,0,0.130762312,0,0,0,0,0,0,0,0,0,0,0,0,0,0,0,0,0,0
437,0,0,0.570307939,0,0,0,0,0,0,0,0,0,0,0,0,0,0,0,0,0,0
438,0,0,0.936892833,0,0,0,0,0,0,0,0,0,0,0,0,0,0,0,0,0,0
439,0,0,0.996569562,0,0,0,0,0,0,0,0,0,0,0,0,0,0,0,0,0,0
440,0,0,0.99016965,0,0,0,0,0,0,0,0,0,0,0,0,0,0,0,0,0,0
441,0,0,0.981967735,0,0,0,0,0,0,0,0,0,0,0,0,0,0,0,0,0,0
442,0,0,0.973193795,0,0,0,0,0,0,0,0,0,0,0,0,0,0,0,0,0,0
443,0,0,0.970649051,0,0,0,0,0,0,0,0,0,0,0,0,0,0,0,0,0,0
444,0,0,0.964854909,0,0,0,0,0,0,0,0,0,0,0,0,0,0,0,0,0,0
445,0,0,0.953726659,0,0,0,0,0,0,0,0,0,0,0,0,0,0,0,0,0,0
446,0,0,0.823216398,0,0,0,0,0,0,0,0,0,0,0,0,0,0,0,0,0,0
447,0,0,0.391502089,0,0,0,0,0,0,0,0,0,0,0,0,0,0,0,0,0,0
448,0,0,0.061815445,0,0,0,0,0,0,0,0,0,0,0,0,0,0,0,0,0,0
449,0,0,0.003526421,0,0,0,0,0,0,0,0,0,0,0,0,0,0,0,0,0,0
450,0,0,0,0,0,0,0,0,0,0,0,0,0,0,0,0,0,0,0,0,0
451,0,0,0,0,0,0,0,0,0,0,0,0,0,0,0,0,0,0,0,0,0
452,0,0,0,0,0,0,0,0,0,0,0,0,0,0,0,0,0,0,0,0,0
453,0,0,0,0,0,0,0,0,0,0,0,0,0,0,0,0,0,0,0,0,0
454,0,0,0,0,0,0,0,0,0,0,0,0,0,0,0,0,0,0,0,0,0
455,0,0,0,0,0,0,0,0,0,0,0,0,0,0,0,0,0,0,0,0,0
456,0,0,0,0,0,0,0,0,0,0,0,0,0,0,0,0,0,0,0,0,0
457,0,0,0,0,0,0,0,0,0,0,0,0,0,0,0,0,0,0,0,0,0
458,0,0,0,0,0,0,0,0,0,0,0,0,0,0,0,0,0,0,0,0,0
459,0,0,0,0,0,0,0,0,0,0,0,0,0,0,0,0,0,0,0,0,0
460,0,0,0,0,0,0,0,0,0,0,0,0,0,0,0,0,0,0,0,0,0
461,0,0,0,0,0,0,0,0,0,0,0,0,0,0,0,0,0,0,0,0,0
462,0,0,0,0,0,0,0,0,0,0,0,0,0,0,0,0,0,0,0,0,0
463,0,0,0,0,0,0,0,0,0,0,0,0,0,0,0,0,0,0,0,0,0
464,0,0,0,0,0,0,0,0,0,0,0,0,0,0,0,0,0,0,0,0,0
465,0,0,0,0,0,0,0,0,0,0,0,0,0,0,0,0,0,0,0,0,0
466,0,0,0,0,0,0,0,0,0,0,0,0,0,0,0,0,0,0,0,0,0
467,0,0,0,0,0,0,0,0,0,0,0,0,0,0,0,0,0,0,0,0,0
468,0,0,0,0,0,0,0,0,0,0,0,0,0,0,0,0,0,0,0,0,0
469,0,0,0,0,0,0,0,0,0,0,0,0,0,0,0,0,0,0,0,0,0
470,0,0,0,0,0,0,0,0,0,0,0,0,0,0,0,0,0,0,0,0,0
471,0,0,0,0,0,0,0,0,0,0,0,0,0,0,0,0,0,0,0,0,0
472,0,0,0,0,0,0,0,0,0,0,0,0,0,0,0,0,0,0,0,0,0
473,0,0,0,0,0,0,0,0,0,0,0,0,0,0,0,0,0,0,0,0,0
474,0,0,0,0,0,0,0,0,0,0,0,0,0,0,0,0,0,0,0,0,0
475,0,0,0,0,0,0,0,0,0,0,0,0,0,0,0,0,0,0,0,0,0
476,0,0,0,0,0,0,0,0,0,0,0,0,0,0,0,0,0,0,0,0,0
477,0,0,0,0,0,0,0,0,0,0,0,0,0,0,0,0,0,0,0,0,0
478,0,0,0,0,0,0,0,0,0,0,0,0,0,0,0,0,0,0,0,0,0
479,0,0,0,0,0,0,0,0,0,0,0,0,0,0,0,0,0,0,0,0,0
480,0,0,0,0,0,0,0,0,0,0,0,0,0,0,0,0,0,0,0,0,0
481,0,0,0,0,0,0,0,0,0,0,0,0,0,0,0,0,0,0,0,0,0
482,0,0,0,0,0,0,0,0,0,0,0,0,0,0,0,0,0,0,0,0,0
483,0,0,0,0.002100225,0,0,0,0,0,0,0,0,0,0,0,0,0,0,0,0,0
484,0,0,0,0.036885107,0,0,0,0,0,0,0,0,0,0,0,0,0,0,0,0,0
485,0,0,0,0.304948355,0,0,0,0,0,0,0,0,0,0,0,0,0,0,0,0,0
486,0,0,0,0.778107997,0,0,0,0,0,0,0,0,0,0,0,0,0,0,0,0,0
487,0,0,0,0.97536921,0,0,0,0,0,0,0,0,0,0,0,0,0,0,0,0,0
488,0,0,0,0.998484816,0,0,0,0,0,0,0,0,0,0,0,0,0,0,0,0,0
489,0,0,0,0.993457196,0,0,0,0,0,0,0,0,0,0,0,0,0,0,0,0,0
490,0,0,0,0.986394006,0,0,0,0,0,0,0,0,0,0,0,0,0,0,0,0,0
491,0,0,0,0.985953428,0,0,0,0,0,0,0,0,0,0,0,0,0,0,0,0,0
492,0,0,0,0.988301946,0,0,0,0,0,0,0,0,0,0,0,0,0,0,0,0,0
493,0,0,0,0.992877087,0,0,0,0,0,0,0,0,0,0,0,0,0,0,0,0,0
494,0,0,0,0.960833696,0,0,0,0,0,0,0,0,0,0,0,0,0,0,0,0,0
495,0,0,0,0.67203231,0,0,0,0,0,0,0,0,0,0,0,0,0,0,0,0,0
496,0,0,0,0.197424415,0,0,0,0,0,0,0,0,0,0,0,0,0,0,0,0,0
497,0,0,0,0.016612088,0,0,0,0,0,0,0,0,0,0,0,0,0,0,0,0,0
498,0,0,0,0.001043041,0,0,0,0,0,0,0,0,0,0,0,0,0,0,0,0,0
499,0,0,0,0,0,0,0,0,0,0,0,0,0,0,0,0,0,0,0,0,0
500,0,0,0,0,0,0,0,0,0,0,0,0,0,0,0,0,0,0,0,0,0
501,0,0,0,0,0,0,0,0,0,0,0,0,0,0,0,0,0,0,0,0,0
502,0,0,0,0,0,0,0,0,0,0,0,0,0,0,0,0,0,0,0,0,0
503,0,0,0,0,0.002542613,0,0,0,0,0,0,0,0,0,0,0,0,0,0,0,0
504,0,0,0,0,0.045089053,0,0,0,0,0,0,0,0,0,0,0,0,0,0,0,0
505,0,0,0,0,0.337731961,0,0,0,0,0,0,0,0,0,0,0,0,0,0,0,0
506,0,0,0,0,0.80203118,0,0,0,0,0,0,0,0,0,0,0,0,0,0,0,0
507,0,0,0,0,0.973216868,0,0,0,0,0,0,0,0,0,0,0,0,0,0,0,0
508,0,0,0,0,0.988550741,0,0,0,0,0,0,0,0,0,0,0,0,0,0,0,0
509,0,0,0,0,0.99334477,0,0,0,0,0,0,0,0,0,0,0,0,0,0,0,0
510,0,0,0,0,0.993673058,0,0,0,0,0,0,0,0,0,0,0,0,0,0,0,0
511,0,0,0,0,0.996748678,0,0,0,0,0,0,0,0,0,0,0,0,0,0,0,0
512,0,0,0,0,0.99847581,0,0,0,0,0,0,0,0,0,0,0,0,0,0,0,0
513,0,0,0,0,0.996599091,0,0,0,0,0,0,0,0,0,0,0,0,0,0,0,0
514,0,0,0,0,0.950903882,0,0,0,0,0,0,0,0,0,0,0,0,0,0,0,0
515,0,0,0,0,0.637806823,0,0,0,0,0,0,0,0,0,0,0,0,0,0,0,0
516,0,0,0,0,0.1734827,0,0,0,0,0,0,0,0,0,0,0,0,0,0,0,0
517,0,0,0,0,0.013305904,0,0,0,0,0,0,0,0,0,0,0,0,0,0,0,0
518,0,0,0,0,0.000876514,0,0,0,0,0,0,0,0,0,0,0,0,0,0,0,0
519,0,0,0,0,0,0,0,0,0,0,0,0,0,0,0,0,0,0,0,0,0
520,0,0,0,0,0,0,0,0,0,0,0,0,0,0,0,0,0,0,0,0,0
521,0,0,0,0,0,0,0,0,0,0,0,0,0,0,0,0,0,0,0,0,0
522,0,0,0,0,0,0,0,0,0,0,0,0,0,0,0,0,0,0,0,0,0
523,0,0,0,0,0,0,0,0,0,0,0,0,0,0,0,0,0,0,0,0,0
524,0,0,0,0,0,0,0,0,0,0,0,0,0,0,0,0,0,0,0,0,0
525,0,0,0,0,0,0,0,0,0,0,0,0,0,0,0,0,0,0,0,0,0
526,0,0,0,0,0,0,0,0,0,0,0,0,0,0,0,0,0,0,0,0,0
527,0,0,0,0,0,0,0,0,0,0,0,0,0,0,0,0,0,0,0,0,0
528,0,0,0,0,0,0,0,0,0,0,0,0,0,0,0,0,0,0,0,0,0
529,0,0,0,0,0,0,0,0,0,0,0,0,0,0,0,0,0,0,0,0,0
530,0,0,0,0,0,0,0,0,0,0,0,0,0,0,0,0,0,0,0,0,0
531,0,0,0,0,0,0,0,0,0,0,0,0,0,0,0,0,0,0,0,0,0
532,0,0,0,0,0,0,0,0,0,0,0,0,0,0,0,0,0,0,0,0,0
533,0,0,0,0,0,0,0,0,0,0,0,0,0,0,0,0,0,0,0,0,0
534,0,0,0,0,0,0,0,0,0,0,0,0,0,0,0,0,0,0,0,0,0
535,0,0,0,0,0,0,0,0,0,0,0,0,0,0,0,0,0,0,0,0,0
536,0,0,0,0,0,0,0,0,0,0,0,0,0,0,0,0,0,0,0,0,0
537,0,0,0,0,0,0,0,0,0,0,0,0,0,0,0,0,0,0,0,0,0
538,0,0,0,0,0,0,0,0,0,0,0,0,0,0,0,0,0,0,0,0,0
539,0,0,0,0,0,0,0,0,0,0,0,0,0,0,0,0,0,0,0,0,0
540,0,0,0,0,0,0,0,0,0,0,0,0,0,0,0,0,0,0,0,0,0
541,0,0,0,0,0,0,0,0,0,0,0,0,0,0,0,0,0,0,0,0,0
542,0,0,0,0,0,0,0,0,0,0,0,0,0,0,0,0,0,0,0,0,0
543,0,0,0,0,0,0,0,0,0,0,0,0,0,0,0,0,0,0,0,0,0
544,0,0,0,0,0,0,0,0,0,0,0,0,0,0,0,0,0,0,0,0,0
545,0,0,0,0,0,0,0,0,0,0,0,0,0,0,0,0,0,0,0,0,0
546,0,0,0,0,0,0,0,0,0,0,0,0,0,0,0,0,0,0,0,0,0
547,0,0,0,0,0,0,0,0,0,0,0,0,0,0,0,0,0,0,0,0,0
548,0,0,0,0,0,0,0,0,0,0,0,0,0,0,0,0,0,0,0,0,0
549,0,0,0,0,0,0,0,0,0,0,0,0,0,0,0,0,0,0,0,0,0
550,0,0,0,0,0,0,0,0,0,0,0,0,0,0,0,0,0,0,0,0,0
551,0,0,0,0,0,0,0,0,0,0,0,0,0,0,0,0,0,0,0,0,0
552,0,0,0,0,0,0,0,0,0,0,0,0,0,0,0,0,0,0,0,0,0
553,0,0,0,0,0,0.003930958,0,0,0,0,0,0,0,0,0,0,0,0,0,0,0
554,0,0,0,0,0,0.068654744,0,0,0,0,0,0,0,0,0,0,0,0,0,0,0
555,0,0,0,0,0,0.419662119,0,0,0,0,0,0,0,0,0,0,0,0,0,0,0
556,0,0,0,0,0,0.862198057,0,0,0,0,0,0,0,0,0,0,0,0,0,0,0
557,0,0,0,0,0,0.988385097,0,0,0,0,0,0,0,0,0,0,0,0,0,0,0
558,0,0,0,0,0,0.992073849,0,0,0,0,0,0,0,0,0,0,0,0,0,0,0
559,0,0,0,0,0,0.99364283,0,0,0,0,0,0,0,0,0,0,0,0,0,0,0
560,0,0,0,0,0,0.998148007,0,0,0,0,0,0,0,0,0,0,0,0,0,0,0
561,0,0,0,0,0,0.997395612,0,0,0,0,0,0,0,0,0,0,0,0,0,0,0
562,0,0,0,0,0,0.996963082,0,0,0,0,0,0,0,0,0,0,0,0,0,0,0
563,0,0,0,0,0,0.996970312,0,0,0,0,0,0,0,0,0,0,0,0,0,0,0
564,0,0,0,0,0,0.927457257,0,0,0,0,0,0,0,0,0,0,0,0,0,0,0
565,0,0,0,0,0,0.558462509,0,0,0,0,0,0,0,0,0,0,0,0,0,0,0
566,0,0,0,0,0,0.126120341,0,0,0,0,0,0,0,0,0,0,0,0,0,0,0
567,0,0,0,0,0,0.007870908,0,0,0,0,0,0,0,0,0,0,0,0,0,0,0
568,0,0,0,0,0,0,0,0,0,0,0,0,0,0,0,0,0,0,0,0,0
569,0,0,0,0,0,0,0,0,0,0,0,0,0,0,0,0,0,0,0,0,0
570,0,0,0,0,0,0,0,0,0,0,0,0,0,0,0,0,0,0,0,0,0
571,0,0,0,0,0,0,0,0,0,0,0,0,0,0,0,0,0,0,0,0,0
572,0,0,0,0,0,0,0,0,0,0,0,0,0,0,0,0,0,0,0,0,0
573,0,0,0,0,0,0,0,0,0,0,0,0,0,0,0,0,0,0,0,0,0
574,0,0,0,0,0,0,0,0,0,0,0,0,0,0,0,0,0,0,0,0,0
575,0,0,0,0,0,0,0,0,0,0,0,0,0,0,0,0,0,0,0,0,0
576,0,0,0,0,0,0,0,0,0,0,0,0,0,0,0,0,0,0,0,0,0
577,0,0,0,0,0,0,0,0,0,0,0,0,0,0,0,0,0,0,0,0,0
578,0,0,0,0,0,0,0,0,0,0,0,0,0,0,0,0,0,0,0,0,0
579,0,0,0,0,0,0,0,0,0,0,0,0,0,0,0,0,0,0,0,0,0
580,0,0,0,0,0,0,0,0,0,0,0,0,0,0,0,0,0,0,0,0,0
581,0,0,0,0,0,0,0,0,0,0,0,0,0,0,0,0,0,0,0,0,0
582,0,0,0,0,0,0,0,0,0,0,0,0,0,0,0,0,0,0,0,0,0
583,0,0,0,0,0,0,0,0,0,0,0,0,0,0,0,0,0,0,0,0,0
584,0,0,0,0,0,0,0,0,0,0,0,0,0,0,0,0,0,0,0,0,0
585,0,0,0,0,0,0,0,0,0,0,0,0,0,0,0,0,0,0,0,0,0
586,0,0,0,0,0,0,0,0,0,0,0,0,0,0,0,0,0,0,0,0,0
587,0,0,0,0,0,0,0,0,0,0,0,0,0,0,0,0,0,0,0,0,0
588,0,0,0,0,0,0,0,0,0,0,0,0,0,0,0,0,0,0,0,0,0
589,0,0,0,0,0,0,0,0,0,0,0,0,0,0,0,0,0,0,0,0,0
590,0,0,0,0,0,0,0,0,0,0,0,0,0,0,0,0,0,0,0,0,0
591,0,0,0,0,0,0,0,0,0,0,0,0,0,0,0,0,0,0,0,0,0
592,0,0,0,0,0,0,0,0,0,0,0,0,0,0,0,0,0,0,0,0,0
593,0,0,0,0,0,0,0,0,0,0,0,0,0,0,0,0,0,0,0,0,0
594,0,0,0,0,0,0,0,0,0,0,0,0,0,0,0,0,0,0,0,0,0
595,0,0,0,0,0,0,0,0,0,0,0,0,0,0,0,0,0,0,0,0,0
596,0,0,0,0,0,0,0,0,0,0,0,0,0,0,0,0,0,0,0,0,0
597,0,0,0,0,0,0,0,0,0,0,0,0,0,0,0,0,0,0,0,0,0
598,0,0,0,0,0,0,0,0,0,0,0,0,0,0,0,0,0,0,0,0,0
599,0,0,0,0,0,0,0,0,0,0,0,0,0,0,0,0,0,0,0,0,0
600,0,0,0,0,0,0,0,0,0,0,0,0,0,0,0,0,0,0,0,0,0
601,0,0,0,0,0,0,0,0,0,0,0,0,0,0,0,0,0,0,0,0,0
602,0,0,0,0,0,0,0,0,0,0,0,0,0,0,0,0,0,0,0,0,0
603,0,0,0,0,0,0,0,0,0,0,0,0,0,0,0,0,0,0,0,0,0
604,0,0,0,0,0,0,0,0,0,0,0,0,0,0,0,0,0,0,0,0,0
605,0,0,0,0,0,0,0,0,0,0,0,0,0,0,0,0,0,0,0,0,0
606,0,0,0,0,0,0,0,0,0,0,0,0,0,0,0,0,0,0,0,0,0
607,0,0,0,0,0,0,0,0,0,0,0,0,0,0,0,0,0,0,0,0,0
608,0,0,0,0,0,0,0,0,0,0,0,0,0,0,0,0,0,0,0,0,0
609,0,0,0,0,0,0,0,0,0,0,0,0,0,0,0,0,0,0,0,0,0
610,0,0,0,0,0,0,0,0,0,0,0,0,0,0,0,0,0,0,0,0,0
611,0,0,0,0,0,0,0,0,0,0,0,0,0,0,0,0,0,0,0,0,0
612,0,0,0,0,0,0,0,0,0,0,0,0,0,0,0,0,0,0,0,0,0
613,0,0,0,0,0,0,0.005244689,0,0,0,0,0,0,0,0,0,0,0,0,0,0
614,0,0,0,0,0,0,0.088959091,0,0,0,0,0,0,0,0,0,0,0,0,0,0
615,0,0,0,0,0,0,0.472429949,0,0,0,0,0,0,0,0,0,0,0,0,0,0
616,0,0,0,0,0,0,0.879851777,0,0,0,0,0,0,0,0,0,0,0,0,0,0
617,0,0,0,0,0,0,0.982253036,0,0,0,0,0,0,0,0,0,0,0,0,0,0
618,0,0,0,0,0,0,0.991852937,0,0,0,0,0,0,0,0,0,0,0,0,0,0
619,0,0,0,0,0,0,0.994521832,0,0,0,0,0,0,0,0,0,0,0,0,0,0
620,0,0,0,0,0,0,0.992370597,0,0,0,0,0,0,0,0,0,0,0,0,0,0
621,0,0,0,0,0,0,0.994216512,0,0,0,0,0,0,0,0,0,0,0,0,0,0
622,0,0,0,0,0,0,0.997829347,0,0,0,0,0,0,0,0,0,0,0,0,0,0
623,0,0,0,0,0,0,0.996573694,0,0,0,0,0,0,0,0,0,0,0,0,0,0
624,0,0,0,0,0,0,0.911524194,0,0,0,0,0,0,0,0,0,0,0,0,0,0
625,0,0,0,0,0,0,0.519358594,0,0,0,0,0,0,0,0,0,0,0,0,0,0
626,0,0,0,0,0,0,0.106962409,0,0,0,0,0,0,0,0,0,0,0,0,0,0
627,0,0,0,0,0,0,0.006482324,0,0,0,0,0,0,0,0,0,0,0,0,0,0
628,0,0,0,0,0,0,0,0,0,0,0,0,0,0,0,0,0,0,0,0,0
629,0,0,0,0,0,0,0,0,0,0,0,0,0,0,0,0,0,0,0,0,0
630,0,0,0,0,0,0,0,0,0,0,0,0,0,0,0,0,0,0,0,0,0
631,0,0,0,0,0,0,0,0,0,0,0,0,0,0,0,0,0,0,0,0,0
632,0,0,0,0,0,0,0,0,0,0,0,0,0,0,0,0,0,0,0,0,0
633,0,0,0,0,0,0,0,0,0,0,0,0,0,0,0,0,0,0,0,0,0
634,0,0,0,0,0,0,0,0,0,0,0,0,0,0,0,0,0,0,0,0,0
635,0,0,0,0,0,0,0,0,0,0,0,0,0,0,0,0,0,0,0,0,0
636,0,0,0,0,0,0,0,0,0,0,0,0,0,0,0,0,0,0,0,0,0
637,0,0,0,0,0,0,0,0,0,0,0,0,0,0,0,0,0,0,0,0,0
638,0,0,0,0,0,0,0,0,0,0,0,0,0,0,0,0,0,0,0,0,0
639,0,0,0,0,0,0,0,0,0,0,0,0,0,0,0,0,0,0,0,0,0
640,0,0,0,0,0,0,0,0,0,0,0,0,0,0,0,0,0,0,0,0,0
641,0,0,0,0,0,0,0,0,0,0,0,0,0,0,0,0,0,0,0,0,0
642,0,0,0,0,0,0,0,0,0,0,0,0,0,0,0,0,0,0,0,0,0
643,0,0,0,0,0,0,0,0,0,0,0,0,0,0,0,0,0,0,0,0,0
644,0,0,0,0,0,0,0,0,0,0,0,0,0,0,0,0,0,0,0,0,0
645,0,0,0,0,0,0,0,0,0,0,0,0,0,0,0,0,0,0,0,0,0
646,0,0,0,0,0,0,0,0,0,0,0,0,0,0,0,0,0,0,0,0,0
647,0,0,0,0,0,0,0,0,0,0,0,0,0,0,0,0,0,0,0,0,0
648,0,0,0,0,0,0,0,0,0,0,0,0,0,0,0,0,0,0,0,0,0
649,0,0,0,0,0,0,0,0,0,0,0,0,0,0,0,0,0,0,0,0,0
650,0,0,0,0,0,0,0,0,0,0,0,0,0,0,0,0,0,0,0,0,0
651,0,0,0,0,0,0,0,0,0,0,0,0,0,0,0,0,0,0,0,0,0
652,0,0,0,0,0,0,0,0,0,0,0,0,0,0,0,0,0,0,0,0,0
653,0,0,0,0,0,0,0,0,0,0,0,0,0,0,0,0,0,0,0,0,0
654,0,0,0,0,0,0,0,0,0,0,0,0,0,0,0,0,0,0,0,0,0
655,0,0,0,0,0,0,0,0,0,0,0,0,0,0,0,0,0,0,0,0,0
656,0,0,0,0,0,0,0,0,0,0,0,0,0,0,0,0,0,0,0,0,0
657,0,0,0,0,0,0,0,0,0,0,0,0,0,0,0,0,0,0,0,0,0
658,0,0,0,0,0,0,0,0.005613893,0,0,0,0,0,0,0,0,0,0,0,0,0
659,0,0,0,0,0,0,0,0.094422958,0,0,0,0,0,0,0,0,0,0,0,0,0
660,0,0,0,0,0,0,0,0.484016014,0,0,0,0,0,0,0,0,0,0,0,0,0
661,0,0,0,0,0,0,0,0.88144994,0,0,0,0,0,0,0,0,0,0,0,0,0
662,0,0,0,0,0,0,0,0.978183826,0,0,0,0,0,0,0,0,0,0,0,0,0
663,0,0,0,0,0,0,0,0.98609933,0,0,0,0,0,0,0,0,0,0,0,0,0
664,0,0,0,0,0,0,0,0.988506238,0,0,0,0,0,0,0,0,0,0,0,0,0
665,0,0,0,0,0,0,0,0.991069529,0,0,0,0,0,0,0,0,0,0,0,0,0
666,0,0,0,0,0,0,0,0.994450415,0,0,0,0,0,0,0,0,0,0,0,0,0
667,0,0,0,0,0,0,0,0.997987898,0,0,0,0,0,0,0,0,0,0,0,0,0
668,0,0,0,0,0,0,0,0.996262205,0.005803867,0,0,0,0,0,0,0,0,0,0,0,0
669,0,0,0,0,0,0,0,0.907144961,0.097336124,0,0,0,0,0,0,0,0,0,0,0,0
670,0,0,0,0,0,0,0,0.508828195,0.493130694,0,0,0,0,0,0,0,0,0,0,0,0
671,0,0,0,0,0,0,0,0.102268144,0.891460661,0,0,0,0,0,0,0,0,0,0,0,0
672,0,0,0,0,0,0,0,0.006155355,0.98754071,0,0,0,0,0,0,0,0,0,0,0,0
673,0,0,0,0,0,0,0,0,0.995883494,0,0,0,0,0,0,0,0,0,0,0,0
674,0,0,0,0,0,0,0,0,0.998224149,0,0,0,0,0,0,0,0,0,0,0,0
675,0,0,0,0,0,0,0,0,0.996029013,0.001585847,0,0,0,0,0,0,0,0,0,0,0
676,0,0,0,0,0,0,0,0,0.967605678,0.027181074,0,0,0,0,0,0,0,0,0,0,0
677,0,0,0,0,0,0,0,0,0.735179388,0.259820741,0,0,0,0,0,0,0,0,0,0,0
678,0,0,0,0,0,0,0,0,0.25672217,0.740715675,0,0,0,0,0,0,0,0,0,0,0
679,0,0,0,0,0,0,0,0,0.026736526,0.970294124,0,0,0,0,0,0,0,0,0,0,0
680,0,0,0,0,0,0,0,0,0.001553264,0.993910562,0,0,0,0,0,0,0,0,0,0,0
681,0,0,0,0,0,0,0,0,0,0.992776041,0,0,0,0,0,0,0,0,0,0,0
682,0,0,0,0,0,0,0,0,0,0.996722866,0,0,0,0,0,0,0,0,0,0,0
683,0,0,0,0,0,0,0,0,0,0.996249687,0,0,0,0,0,0,0,0,0,0,0
684,0,0,0,0,0,0,0,0,0,0.906365938,0,0,0,0,0,0,0,0,0,0,0
685,0,0,0,0,0,0,0,0,0,0.505102283,0,0,0,0,0,0,0,0,0,0,0
686,0,0,0,0,0,0,0,0,0,0.100420017,0,0,0,0,0,0,0,0,0,0,0
687,0,0,0,0,0,0,0,0,0,0.006031523,0,0,0,0,0,0,0,0,0,0,0
688,0,0,0,0,0,0,0,0,0,0,0,0,0,0,0,0,0,0,0,0,0
689,0,0,0,0,0,0,0,0,0,0,0,0,0,0,0,0,0,0,0,0,0
690,0,0,0,0,0,0,0,0,0,0,0,0,0,0,0,0,0,0,0,0,0
691,0,0,0,0,0,0,0,0,0,0,0,0,0,0,0,0,0,0,0,0,0
692,0,0,0,0,0,0,0,0,0,0,0,0,0,0,0,0,0,0,0,0,0
693,0,0,0,0,0,0,0,0,0,0,0,0,0,0,0,0,0,0,0,0,0
694,0,0,0,0,0,0,0,0,0,0,0,0,0,0,0,0,0,0,0,0,0
695,0,0,0,0,0,0,0,0,0,0,0,0,0,0,0,0,0,0,0,0,0
696,0,0,0,0,0,0,0,0,0,0,0,0,0,0,0,0,0,0,0,0,0
697,0,0,0,0,0,0,0,0,0,0,0,0,0,0,0,0,0,0,0,0,0
698,0,0,0,0,0,0,0,0,0,0,0,0,0,0,0,0,0,0,0,0,0
699,0,0,0,0,0,0,0,0,0,0,0,0,0,0,0,0,0,0,0,0,0
700,0,0,0,0,0,0,0,0,0,0,0,0,0,0,0,0,0,0,0,0,0
701,0,0,0,0,0,0,0,0,0,0,0.000781061,0,0,0,0,0,0,0,0,0,0
702,0,0,0,0,0,0,0,0,0,0,0.011645793,0,0,0,0,0,0,0,0,0,0
703,0,0,0,0,0,0,0,0,0,0,0.158759951,0,0,0,0,0,0,0,0,0,0
704,0,0,0,0,0,0,0,0,0,0,0.605774999,0,0,0,0,0,0,0,0,0,0
705,0,0,0,0,0,0,0,0,0,0,0.923793897,0,0,0,0,0,0,0,0,0,0
706,0,0,0,0,0,0,0,0,0,0,0.980347148,0,0,0,0,0,0,0,0,0,0
707,0,0,0,0,0,0,0,0,0,0,0.986733356,0,0,0,0,0,0,0,0,0,0
708,0,0,0,0,0,0,0,0,0,0,0.990927882,0,0,0,0,0,0,0,0,0,0
709,0,0,0,0,0,0,0,0,0,0,0.994669852,0,0,0,0,0,0,0,0,0,0
710,0,0,0,0,0,0,0,0,0,0,0.996789607,0,0,0,0,0,0,0,0,0,0
711,0,0,0,0,0,0,0,0,0,0,0.998754589,0,0,0,0,0,0,0,0,0,0
712,0,0,0,0,0,0,0,0,0,0,0.988899269,0,0,0,0,0,0,0,0,0,0
713,0,0,0,0,0,0,0,0,0,0,0.838742986,0,0,0,0,0,0,0,0,0,0
714,0,0,0,0,0,0,0,0,0,0,0.379786619,0,0,0,0,0,0,0,0,0,0
715,0,0,0,0,0,0,0,0,0,0,0.055775473,0,0,0,0,0,0,0,0,0,0
716,0,0,0,0,0,0,0,0,0,0,0.003166558,0,0,0,0,0,0,0,0,0,0
717,0,0,0,0,0,0,0,0,0,0,0,0,0,0,0,0,0,0,0,0,0
718,0,0,0,0,0,0,0,0,0,0,0,0,0,0,0,0,0,0,0,0,0
719,0,0,0,0,0,0,0,0,0,0,0,0,0,0,0,0,0,0,0,0,0
720,0,0,0,0,0,0,0,0,0,0,0,0,0,0,0,0,0,0,0,0,0
721,0,0,0,0,0,0,0,0,0,0,0,0,0,0,0,0,0,0,0,0,0
722,0,0,0,0,0,0,0,0,0,0,0,0,0,0,0,0,0,0,0,0,0
723,0,0,0,0,0,0,0,0,0,0,0,0,0,0,0,0,0,0,0,0,0
724,0,0,0,0,0,0,0,0,0,0,0,0,0,0,0,0,0,0,0,0,0
725,0,0,0,0,0,0,0,0,0,0,0,0,0,0,0,0,0,0,0,0,0
726,0,0,0,0,0,0,0,0,0,0,0,0,0,0,0,0,0,0,0,0,0
727,0,0,0,0,0,0,0,0,0,0,0,0,0,0,0,0,0,0,0,0,0
728,0,0,0,0,0,0,0,0,0,0,0,0,0,0,0,0,0,0,0,0,0
729,0,0,0,0,0,0,0,0,0,0,0,0,0,0,0,0,0,0,0,0,0
730,0,0,0,0,0,0,0,0,0,0,0,0,0,0,0,0,0,0,0,0,0
731,0,0,0,0,0,0,0,0,0,0,0,0,0,0,0,0,0,0,0,0,0
732,0,0,0,0,0,0,0,0,0,0,0,0,0,0,0,0,0,0,0,0,0
733,0,0,0,0,0,0,0,0,0,0,0,0,0,0,0,0,0,0,0,0,0
734,0,0,0,0,0,0,0,0,0,0,0,0,0,0,0,0,0,0,0,0,0
735,0,0,0,0,0,0,0,0,0,0,0,0,0,0,0,0,0,0,0,0,0
736,0,0,0,0,0,0,0,0,0,0,0,0,0,0,0,0,0,0,0,0,0
737,0,0,0,0,0,0,0,0,0,0,0,0,0,0,0,0,0,0,0,0,0
738,0,0,0,0,0,0,0,0,0,0,0,0,0,0,0,0,0,0,0,0,0
739,0,0,0,0,0,0,0,0,0,0,0,0,0,0,0,0,0,0,0,0,0
740,0,0,0,0,0,0,0,0,0,0,0,0,0,0,0,0,0,0,0,0,0
741,0,0,0,0,0,0,0,0,0,0,0,0,0,0,0,0,0,0,0,0,0
742,0,0,0,0,0,0,0,0,0,0,0,0,0,0,0,0,0,0,0,0,0
743,0,0,0,0,0,0,0,0,0,0,0,0,0,0,0,0,0,0,0,0,0
744,0,0,0,0,0,0,0,0,0,0,0,0,0,0,0,0,0,0,0,0,0
745,0,0,0,0,0,0,0,0,0,0,0,0,0,0,0,0,0,0,0,0,0
746,0,0,0,0,0,0,0,0,0,0,0,0,0,0,0,0,0,0,0,0,0
747,0,0,0,0,0,0,0,0,0,0,0,0,0,0,0,0,0,0,0,0,0
748,0,0,0,0,0,0,0,0,0,0,0,0.005431227,0,0,0,0,0,0,0,0,0
749,0,0,0,0,0,0,0,0,0,0,0,0.091828702,0,0,0,0,0,0,0,0,0
750,0,0,0,0,0,0,0,0,0,0,0,0.481709002,0,0,0,0,0,0,0,0,0
751,0,0,0,0,0,0,0,0,0,0,0,0.889950249,0,0,0,0,0,0,0,0,0
752,0,0,0,0,0,0,0,0,0,0,0,0.990748012,0,0,0,0,0,0,0,0,0
753,0,0,0,0,0,0,0,0,0,0,0,0.997523278,0,0,0,0,0,0,0,0,0
754,0,0,0,0,0,0,0,0,0,0,0,0.998145932,0,0,0,0,0,0,0,0,0
755,0,0,0,0,0,0,0,0,0,0,0,0.997431573,0,0,0,0,0,0,0,0,0
756,0,0,0,0,0,0,0,0,0,0,0,0.972988896,0,0,0,0,0,0,0,0,0
757,0,0,0,0,0,0,0,0,0,0,0,0.751278023,0,0,0,0,0,0,0,0,0
758,0,0,0,0,0,0,0,0,0,0,0,0.27115864,0.005985015,0,0,0,0,0,0,0,0
759,0,0,0,0,0,0,0,0,0,0,0,0.029443157,0.101053203,0,0,0,0,0,0,0,0
760,0,0,0,0,0,0,0,0,0,0,0,0.001697661,0.528823345,0.001429547,0,0,0,0,0,0,0
761,0,0,0,0,0,0,0,0,0,0,0,0,0.949696933,0.024223959,0,0,0,0,0,0,0
762,0,0,0,0,0,0,0,0,0,0,0,0,0.816582155,0.244913813,0,0,0,0,0,0,0
763,0,0,0,0,0,0,0,0,0,0,0,0,0.297179699,0.729973156,0,0,0,0,0,0,0
764,0,0,0,0,0,0,0,0,0,0,0,0,0.03228527,0.976135987,0.003003981,0,0,0,0,0,0
765,0,0,0,0,0,0,0,0,0,0,0,0,0.001862277,0.958722668,0.053124794,0,0,0,0,0,0
766,0,0,0,0,0,0,0,0,0,0,0,0,0,0.651863792,0.386339506,0,0,0,0,0,0
767,0,0,0,0,0,0,0,0,0,0,0,0,0,0.181593721,0.884012635,0,0,0,0,0,0
768,0,0,0,0,0,0,0,0,0,0,0,0,0,0.014305927,0.908408162,0,0,0,0,0,0
769,0,0,0,0,0,0,0,0,0,0,0,0,0,0.000928095,0.429000098,0.002748069,0,0,0,0,0
770,0,0,0,0,0,0,0,0,0,0,0,0,0,0,0.065384934,0.048589821,0,0,0,0,0
771,0,0,0,0,0,0,0,0,0,0,0,0,0,0,0.003719716,0.353344783,0,0,0,0,0
772,0,0,0,0,0,0,0,0,0,0,0,0,0,0,0,0.819071564,0,0,0,0,0
773,0,0,0,0,0,0,0,0,0,0,0,0,0,0,0,0.984502715,0,0,0,0,0
774,0,0,0,0,0,0,0,0,0,0,0,0,0,0,0,0.998138729,0,0,0,0,0
775,0,0,0,0,0,0,0,0,0,0,0,0,0,0,0,0.997003009,0,0,0,0,0
776,0,0,0,0,0,0,0,0,0,0,0,0,0,0,0,0.993497306,0,0,0,0,0
777,0,0,0,0,0,0,0,0,0,0,0,0,0,0,0,0.995066063,0,0,0,0,0
778,0,0,0,0,0,0,0,0,0,0,0,0,0,0,0,0.997795984,0,0,0,0,0
779,0,0,0,0,0,0,0,0,0,0,0,0,0,0,0,0.99755746,0,0,0,0,0
780,0,0,0,0,0,0,0,0,0,0,0,0,0,0,0,0.995020549,0,0,0,0,0
781,0,0,0,0,0,0,0,0,0,0,0,0,0,0,0,0.992186642,0,0,0,0,0
782,0,0,0,0,0,0,0,0,0,0,0,0,0,0,0,0.989528017,0,0,0,0,0
783,0,0,0,0,0,0,0,0,0,0,0,0,0,0,0,0.986516344,0,0,0,0,0
784,0,0,0,0,0,0,0,0,0,0,0,0,0,0,0,0.981826135,0,0,0,0,0
785,0,0,0,0,0,0,0,0,0,0,0,0,0,0,0,0.933980652,0,0,0,0,0
786,0,0,0,0,0,0,0,0,0,0,0,0,0,0,0,0.63643788,0,0,0,0,0
787,0,0,0,0,0,0,0,0,0,0,0,0,0,0,0,0.17878123,0,0,0,0,0
788,0,0,0,0,0,0,0,0,0,0,0,0,0,0,0,0.014233838,0,0,0,0,0
789,0,0,0,0,0,0,0,0,0,0,0,0,0,0,0,0.000914823,0,0,0,0,0
790,0,0,0,0,0,0,0,0,0,0,0,0,0,0,0,0,0,0,0,0,0
791,0,0,0,0,0,0,0,0,0,0,0,0,0,0,0,0,0,0,0,0,0
792,0,0,0,0,0,0,0,0,0,0,0,0,0,0,0,0,0,0,0,0,0
793,0,0,0,0,0,0,0,0,0,0,0,0,0,0,0,0,0,0,0,0,0
794,0,0,0,0,0,0,0,0,0,0,0,0,0,0,0,0,0,0,0,0,0
795,0,0,0,0,0,0,0,0,0,0,0,0,0,0,0,0,0,0,0,0,0
796,0,0,0,0,0,0,0,0,0,0,0,0,0,0,0,0,0,0,0,0,0
797,0,0,0,0,0,0,0,0,0,0,0,0,0,0,0,0,0,0,0,0,0
798,0,0,0,0,0,0,0,0,0,0,0,0,0,0,0,0,0,0,0,0,0
799,0,0,0,0,0,0,0,0,0,0,0,0,0,0,0,0,0,0,0,0,0
800,0,0,0,0,0,0,0,0,0,0,0,0,0,0,0,0,0,0,0,0,0
801,0,0,0,0,0,0,0,0,0,0,0,0,0,0,0,0,0,0,0,0,0
802,0,0,0,0,0,0,0,0,0,0,0,0,0,0,0,0,0,0,0,0,0
803,0,0,0,0,0,0,0,0,0,0,0,0,0,0,0,0,0,0,0,0,0
804,0,0,0,0,0,0,0,0,0,0,0,0,0,0,0,0,0,0,0,0,0
805,0,0,0,0,0,0,0,0,0,0,0,0,0,0,0,0,0,0,0,0,0
806,0,0,0,0,0,0,0,0,0,0,0,0,0,0,0,0,0,0,0,0,0
807,0,0,0,0,0,0,0,0,0,0,0,0,0,0,0,0,0,0,0,0,0
808,0,0,0,0,0,0,0,0,0,0,0,0,0,0,0,0,0,0,0,0,0
809,0,0,0,0,0,0,0,0,0,0,0,0,0,0,0,0,0,0,0,0,0
810,0,0,0,0,0,0,0,0,0,0,0,0,0,0,0,0,0,0,0,0,0
811,0,0,0,0,0,0,0,0,0,0,0,0,0,0,0,0,0,0,0,0,0
812,0,0,0,0,0,0,0,0,0,0,0,0,0,0,0,0,0,0,0,0,0
813,0,0,0,0,0,0,0,0,0,0,0,0,0,0,0,0,0,0,0,0,0
814,0,0,0,0,0,0,0,0,0,0,0,0,0,0,0,0,0,0,0,0,0
815,0,0,0,0,0,0,0,0,0,0,0,0,0,0,0,0,0,0,0,0,0
816,0,0,0,0,0,0,0,0,0,0,0,0,0,0,0,0,0,0,0,0,0
817,0,0,0,0,0,0,0,0,0,0,0,0,0,0,0,0,0,0,0,0,0
818,0,0,0,0,0,0,0,0,0,0,0,0,0,0,0,0,0,0,0,0,0
819,0,0,0,0,0,0,0,0,0,0,0,0,0,0,0,0,0,0,0,0,0
820,0,0,0,0,0,0,0,0,0,0,0,0,0,0,0,0,0,0,0,0,0
821,0,0,0,0,0,0,0,0,0,0,0,0,0,0,0,0,0,0,0,0,0
822,0,0,0,0,0,0,0,0,0,0,0,0,0,0,0,0,0,0,0,0,0
823,0,0,0,0,0,0,0,0,0,0,0,0,0,0,0,0,0,0,0,0,0
824,0,0,0,0,0,0,0,0,0,0,0,0,0,0,0,0,0,0,0,0,0
825,0,0,0,0,0,0,0,0,0,0,0,0,0,0,0,0,0,0,0,0,0
826,0,0,0,0,0,0,0,0,0,0,0,0,0,0,0,0,0,0,0,0,0
827,0,0,0,0,0,0,0,0,0,0,0,0,0,0,0,0,0,0,0,0,0
828,0,0,0,0,0,0,0,0,0,0,0,0,0,0,0,0,0,0,0,0,0
829,0,0,0,0,0,0,0,0,0,0,0,0,0,0,0,0,0,0,0,0,0
830,0,0,0,0,0,0,0,0,0,0,0,0,0,0,0,0,0,0,0,0,0
831,0,0,0,0,0,0,0,0,0,0,0,0,0,0,0,0,0,0,0,0,0
832,0,0,0,0,0,0,0,0,0,0,0,0,0,0,0,0,0,0,0,0,0
833,0,0,0,0,0,0,0,0,0,0,0,0,0,0,0,0,0,0,0,0,0
834,0,0,0,0,0,0,0,0,0,0,0,0,0,0,0,0,0,0,0,0,0
835,0,0,0,0,0,0,0,0,0,0,0,0,0,0,0,0,0,0,0,0,0
836,0,0,0,0,0,0,0,0,0,0,0,0,0,0,0,0,0,0,0,0,0
837,0,0,0,0,0,0,0,0,0,0,0,0,0,0,0,0,0,0,0,0,0
838,0,0,0,0,0,0,0,0,0,0,0,0,0,0,0,0,0,0,0,0,0
839,0,0,0,0,0,0,0,0,0,0,0,0,0,0,0,0,0,0,0,0,0
840,0,0,0,0,0,0,0,0,0,0,0,0,0,0,0,0,0,0,0,0,0
841,0,0,0,0,0,0,0,0,0,0,0,0,0,0,0,0,0,0,0,0,0
842,0,0,0,0,0,0,0,0,0,0,0,0,0,0,0,0,0,0,0,0,0
843,0,0,0,0,0,0,0,0,0,0,0,0,0,0,0,0,0,0,0,0,0
844,0,0,0,0,0,0,0,0,0,0,0,0,0,0,0,0,0,0,0,0,0
845,0,0,0,0,0,0,0,0,0,0,0,0,0,0,0,0,0,0,0,0,0
846,0,0,0,0,0,0,0,0,0,0,0,0,0,0,0,0,0,0,0,0,0
847,0,0,0,0,0,0,0,0,0,0,0,0,0,0,0,0,0,0,0,0,0
848,0,0,0,0,0,0,0,0,0,0,0,0,0,0,0,0,0,0,0,0,0
849,0,0,0,0,0,0,0,0,0,0,0,0,0,0,0,0,0,0,0,0,0
850,0,0,0,0,0,0,0,0,0,0,0,0,0,0,0,0,0,0,0,0,0
851,0,0,0,0,0,0,0,0,0,0,0,0,0,0,0,0,0,0,0,0,0
852,0,0,0,0,0,0,0,0,0,0,0,0,0,0,0,0,0,0,0,0,0
853,0,0,0,0,0,0,0,0,0,0,0,0,0,0,0,0,0.004655842,0,0,0,0
854,0,0,0,0,0,0,0,0,0,0,0,0,0,0,0,0,0.07987787,0,0,0,0
855,0,0,0,0,0,0,0,0,0,0,0,0,0,0,0,0,0.454774365,0,0,0,0
856,0,0,0,0,0,0,0,0,0,0,0,0,0,0,0,0,0.885291101,0,0,0,0
857,0,0,0,0,0,0,0,0,0,0,0,0,0,0,0,0,0.995191338,0,0,0,0
858,0,0,0,0,0,0,0,0,0,0,0,0,0,0,0,0,0.997704419,0,0,0,0
859,0,0,0,0,0,0,0,0,0,0,0,0,0,0,0,0,0.996966138,0,0,0,0
860,0,0,0,0,0,0,0,0,0,0,0,0,0,0,0,0,0.993783363,0,0,0,0
861,0,0,0,0,0,0,0,0,0,0,0,0,0,0,0,0,0.989909439,0,0,0,0
862,0,0,0,0,0,0,0,0,0,0,0,0,0,0,0,0,0.98602139,0,0,0,0
863,0,0,0,0,0,0,0,0,0,0,0,0,0,0,0,0,0.981695719,0,0,0,0
864,0,0,0,0,0,0,0,0,0,0,0,0,0,0,0,0,0.977453696,0,0,0,0
865,0,0,0,0,0,0,0,0,0,0,0,0,0,0,0,0,0.97302479,0,0,0,0
866,0,0,0,0,0,0,0,0,0,0,0,0,0,0,0,0,0.967107743,0,0,0,0
867,0,0,0,0,0,0,0,0,0,0,0,0,0,0,0,0,0.960929296,0,0,0,0
868,0,0,0,0,0,0,0,0,0,0,0,0,0,0,0,0,0.95433747,0,0,0,0
869,0,0,0,0,0,0,0,0,0,0,0,0,0,0,0,0,0.947841439,0,0,0,0
870,0,0,0,0,0,0,0,0,0,0,0,0,0,0,0,0,0.941439861,0,0,0,0
871,0,0,0,0,0,0,0,0,0,0,0,0,0,0,0,0,0.935272946,0,0,0,0
872,0,0,0,0,0,0,0,0,0,0,0,0,0,0,0,0,0.929148947,0,0,0,0
873,0,0,0,0,0,0,0,0,0,0,0,0,0,0,0,0,0.919478419,0,0,0,0
874,0,0,0,0,0,0,0,0,0,0,0,0,0,0,0,0,0.846079485,0,0,0,0
875,0,0,0,0,0,0,0,0,0,0,0,0,0,0,0,0,0.50667069,0,0,0,0
876,0,0,0,0,0,0,0,0,0,0,0,0,0,0,0,0,0.113805904,0,0,0,0
877,0,0,0,0,0,0,0,0,0,0,0,0,0,0,0,0,0.007054716,0,0,0,0
878,0,0,0,0,0,0,0,0,0,0,0,0,0,0,0,0,0,0.004941409,0,0,0
879,0,0,0,0,0,0,0,0,0,0,0,0,0,0,0,0,0,0.084127981,0,0,0
880,0,0,0,0,0,0,0,0,0,0,0,0,0,0,0,0,0,0.465949071,0,0,0
881,0,0,0,0,0,0,0,0,0,0,0,0,0,0,0,0,0,0.8900028,0,0,0
882,0,0,0,0,0,0,0,0,0,0,0,0,0,0,0,0,0,0.995298621,0,0,0
883,0,0,0,0,0,0,0,0,0,0,0,0,0,0,0,0,0,0.994973479,0,0,0
884,0,0,0,0,0,0,0,0,0,0,0,0,0,0,0,0,0,0.987650816,0,0,0
885,0,0,0,0,0,0,0,0,0,0,0,0,0,0,0,0,0,0.980257999,0,0,0
886,0,0,0,0,0,0,0,0,0,0,0,0,0,0,0,0,0,0.971972889,0,0,0
887,0,0,0,0,0,0,0,0,0,0,0,0,0,0,0,0,0,0.9636259,0,0,0
888,0,0,0,0,0,0,0,0,0,0,0,0,0,0,0,0,0,0.951258301,0,0,0
889,0,0,0,0,0,0,0,0,0,0,0,0,0,0,0,0,0,0.868487897,0,0,0
890,0,0,0,0,0,0,0,0,0,0,0,0,0,0,0,0,0,0.507857065,0,0,0
891,0,0,0,0,0,0,0,0,0,0,0,0,0,0,0,0,0,0.109844421,0,0,0
892,0,0,0,0,0,0,0,0,0,0,0,0,0,0,0,0,0,0.006710703,0,0,0
893,0,0,0,0,0,0,0,0,0,0,0,0,0,0,0,0,0,0,0.005005106,0,0
894,0,0,0,0,0,0,0,0,0,0,0,0,0,0,0,0,0,0,0.08504103,0,0
895,0,0,0,0,0,0,0,0,0,0,0,0,0,0,0,0,0,0,0.470033528,0,0
896,0,0,0,0,0,0,0,0,0,0,0,0,0,0,0,0,0,0,0.895327511,0,0
897,0,0,0,0,0,0,0,0,0,0,0,0,0,0,0,0,0,0,0.995876479,0,0
898,0,0,0,0,0,0,0,0,0,0,0,0,0,0,0,0,0,0,0.992696294,0,0
899,0,0,0,0,0,0,0,0,0,0,0,0,0,0,0,0,0,0,0.986561157,0,0
900,0,0,0,0,0,0,0,0,0,0,0,0,0,0,0,0,0,0,0.978030322,0,0
901,0,0,0,0,0,0,0,0,0,0,0,0,0,0,0,0,0,0,0.969076207,0,0
902,0,0,0,0,0,0,0,0,0,0,0,0,0,0,0,0,0,0,0.960175389,0,0
903,0,0,0,0,0,0,0,0,0,0,0,0,0,0,0,0,0,0,0.947393597,0,0
904,0,0,0,0,0,0,0,0,0,0,0,0,0,0,0,0,0,0,0.866132146,0,0
905,0,0,0,0,0,0,0,0,0,0,0,0,0,0,0,0,0,0,0.509894403,0,0
906,0,0,0,0,0,0,0,0,0,0,0,0,0,0,0,0,0,0,0.11154749,0,0
907,0,0,0,0,0,0,0,0,0,0,0,0,0,0,0,0,0,0,0.006839076,0,0
908,0,0,0,0,0,0,0,0,0,0,0,0,0,0,0,0,0,0,0,0,0
909,0,0,0,0,0,0,0,0,0,0,0,0,0,0,0,0,0,0,0,0,0
910,0,0,0,0,0,0,0,0,0,0,0,0,0,0,0,0,0,0,0,0,0
911,0,0,0,0,0,0,0,0,0,0,0,0,0,0,0,0,0,0,0,0,0
912,0,0,0,0,0,0,0,0,0,0,0,0,0,0,0,0,0,0,0,0,0
913,0,0,0,0,0,0,0,0,0,0,0,0,0,0,0,0,0,0,0,0,0
914,0,0,0,0,0,0,0,0,0,0,0,0,0,0,0,0,0,0,0,0,0
915,0,0,0,0,0,0,0,0,0,0,0,0,0,0,0,0,0,0,0,0,0
916,0,0,0,0,0,0,0,0,0,0,0,0,0,0,0,0,0,0,0,0,0
917,0,0,0,0,0,0,0,0,0,0,0,0,0,0,0,0,0,0,0,0,0
918,0,0,0,0,0,0,0,0,0,0,0,0,0,0,0,0,0,0,0,0,0
919,0,0,0,0,0,0,0,0,0,0,0,0,0,0,0,0,0,0,0,0,0
920,0,0,0,0,0,0,0,0,0,0,0,0,0,0,0,0,0,0,0,0,0
921,0,0,0,0,0,0,0,0,0,0,0,0,0,0,0,0,0,0,0,0,0
922,0,0,0,0,0,0,0,0,0,0,0,0,0,0,0,0,0,0,0,0,0
923,0,0,0,0,0,0,0,0,0,0,0,0,0,0,0,0,0,0,0,0,0
924,0,0,0,0,0,0,0,0,0,0,0,0,0,0,0,0,0,0,0,0,0
925,0,0,0,0,0,0,0,0,0,0,0,0,0,0,0,0,0,0,0,0,0
926,0,0,0,0,0,0,0,0,0,0,0,0,0,0,0,0,0,0,0,0,0
927,0,0,0,0,0,0,0,0,0,0,0,0,0,0,0,0,0,0,0,0,0
928,0,0,0,0,0,0,0,0,0,0,0,0,0,0,0,0,0,0,0,0.00516489,0
929,0,0,0,0,0,0,0,0,0,0,0,0,0,0,0,0,0,0,0,0.087342664,0
930,0,0,0,0,0,0,0,0,0,0,0,0,0,0,0,0,0,0,0,0.475741305,0
931,0,0,0,0,0,0,0,0,0,0,0,0,0,0,0,0,0,0,0,0.897107637,0
932,0,0,0,0,0,0,0,0,0,0,0,0,0,0,0,0,0,0,0,0.995833253,0
933,0,0,0,0,0,0,0,0,0,0,0,0,0,0,0,0,0,0,0,0.990312571,0
934,0,0,0,0,0,0,0,0,0,0,0,0,0,0,0,0,0,0,0,0.977993011,0
935,0,0,0,0,0,0,0,0,0,0,0,0,0,0,0,0,0,0,0,0.965885621,0
936,0,0,0,0,0,0,0,0,0,0,0,0,0,0,0,0,0,0,0,0.953942314,0
937,0,0,0,0,0,0,0,0,0,0,0,0,0,0,0,0,0,0,0,0.942155634,0
938,0,0,0,0,0,0,0,0,0,0,0,0,0,0,0,0,0,0,0,0.930030068,0
939,0,0,0,0,0,0,0,0,0,0,0,0,0,0,0,0,0,0,0,0.917878078,0
940,0,0,0,0,0,0,0,0,0,0,0,0,0,0,0,0,0,0,0,0.90625789,0
941,0,0,0,0,0,0,0,0,0,0,0,0,0,0,0,0,0,0,0,0.896455858,0
942,0,0,0,0,0,0,0,0,0,0,0,0,0,0,0,0,0,0,0,0.887027408,0
943,0,0,0,0,0,0,0,0,0,0,0,0,0,0,0,0,0,0,0,0.877274773,0
944,0,0,0,0,0,0,0,0,0,0,0,0,0,0,0,0,0,0,0,0.867490732,0
945,0,0,0,0,0,0,0,0,0,0,0,0,0,0,0,0,0,0,0,0.857890598,0
946,0,0,0,0,0,0,0,0,0,0,0,0,0,0,0,0,0,0,0,0.848432471,0
947,0,0,0,0,0,0,0,0,0,0,0,0,0,0,0,0,0,0,0,0.839110419,0
948,0,0,0,0,0,0,0,0,0,0,0,0,0,0,0,0,0,0,0,0.826181967,0
949,0,0,0,0,0,0,0,0,0,0,0,0,0,0,0,0,0,0,0,0.750898095,0
950,0,0,0,0,0,0,0,0,0,0,0,0,0,0,0,0,0,0,0,0.434818715,0
951,0,0,0,0,0,0,0,0,0,0,0,0,0,0,0,0,0,0,0,0.092703233,0
952,0,0,0,0,0,0,0,0,0,0,0,0,0,0,0,0,0,0,0,0.00562624,0
953,0,0,0,0,0,0,0,0,0,0,0,0,0,0,0,0,0,0,0,0,0
954,0,0,0,0,0,0,0,0,0,0,0,0,0,0,0,0,0,0,0,0,0
955,0,0,0,0,0,0,0,0,0,0,0,0,0,0,0,0,0,0,0,0,0
956,0,0,0,0,0,0,0,0,0,0,0,0,0,0,0,0,0,0,0,0,0
957,0,0,0,0,0,0,0,0,0,0,0,0,0,0,0,0,0,0,0,0,0
958,0,0,0,0,0,0,0,0,0,0,0,0,0,0,0,0,0,0,0,0,0
959,0,0,0,0,0,0,0,0,0,0,0,0,0,0,0,0,0,0,0,0,0
960,0,0,0,0,0,0,0,0,0,0,0,0,0,0,0,0,0,0,0,0,0
961,0,0,0,0,0,0,0,0,0,0,0,0,0,0,0,0,0,0,0,0,0
962,0,0,0,0,0,0,0,0,0,0,0,0,0,0,0,0,0,0,0,0,0
963,0,0,0,0,0,0,0,0,0,0,0,0,0,0,0,0,0,0,0,0,0
964,0,0,0,0,0,0,0,0,0,0,0,0,0,0,0,0,0,0,0,0,0
965,0,0,0,0,0,0,0,0,0,0,0,0,0,0,0,0,0,0,0,0,0
966,0,0,0,0,0,0,0,0,0,0,0,0,0,0,0,0,0,0,0,0,0
967,0,0,0,0,0,0,0,0,0,0,0,0,0,0,0,0,0,0,0,0,0
968,0,0,0,0,0,0,0,0,0,0,0,0,0,0,0,0,0,0,0,0,0
969,0,0,0,0,0,0,0,0,0,0,0,0,0,0,0,0,0,0,0,0,0
970,0,0,0,0,0,0,0,0,0,0,0,0,0,0,0,0,0,0,0,0,0
971,0,0,0,0,0,0,0,0,0,0,0,0,0,0,0,0,0,0,0,0,0
972,0,0,0,0,0,0,0,0,0,0,0,0,0,0,0,0,0,0,0,0,0
973,0,0,0,0,0,0,0,0,0,0,0,0,0,0,0,0,0,0,0,0,0
974,0,0,0,0,0,0,0,0,0,0,0,0,0,0,0,0,0,0,0,0,0
975,0,0,0,0,0,0,0,0,0,0,0,0,0,0,0,0,0,0,0,0,0
976,0,0,0,0,0,0,0,0,0,0,0,0,0,0,0,0,0,0,0,0,0
977,0,0,0,0,0,0,0,0,0,0,0,0,0,0,0,0,0,0,0,0,0
978,0,0,0,0,0,0,0,0,0,0,0,0,0,0,0,0,0,0,0,0,0
979,0,0,0,0,0,0,0,0,0,0,0,0,0,0,0,0,0,0,0,0,0
980,0,0,0,0,0,0,0,0,0,0,0,0,0,0,0,0,0,0,0,0,0
981,0,0,0,0,0,0,0,0,0,0,0,0,0,0,0,0,0,0,0,0,0
982,0,0,0,0,0,0,0,0,0,0,0,0,0,0,0,0,0,0,0,0,0
983,0,0,0,0,0,0,0,0,0,0,0,0,0,0,0,0,0,0,0,0,0
984,0,0,0,0,0,0,0,0,0,0,0,0,0,0,0,0,0,0,0,0,0
985,0,0,0,0,0,0,0,0,0,0,0,0,0,0,0,0,0,0,0,0,0
986,0,0,0,0,0,0,0,0,0,0,0,0,0,0,0,0,0,0,0,0,0
987,0,0,0,0,0,0,0,0,0,0,0,0,0,0,0,0,0,0,0,0,0
988,0,0,0,0,0,0,0,0,0,0,0,0,0,0,0,0,0,0,0,0,0
989,0,0,0,0,0,0,0,0,0,0,0,0,0,0,0,0,0,0,0,0,0
990,0,0,0,0,0,0,0,0,0,0,0,0,0,0,0,0,0,0,0,0,0
991,0,0,0,0,0,0,0,0,0,0,0,0,0,0,0,0,0,0,0,0,0
992,0,0,0,0,0,0,0,0,0,0,0,0,0,0,0,0,0,0,0,0,0
993,0,0,0,0,0,0,0,0,0,0,0,0,0,0,0,0,0,0,0,0,0
994,0,0,0,0,0,0,0,0,0,0,0,0,0,0,0,0,0,0,0,0,0
995,0,0,0,0,0,0,0,0,0,0,0,0,0,0,0,0,0,0,0,0,0
996,0,0,0,0,0,0,0,0,0,0,0,0,0,0,0,0,0,0,0,0,0
997,0,0,0,0,0,0,0,0,0,0,0,0,0,0,0,0,0,0,0,0,0
998,0,0,0,0,0,0,0,0,0,0,0,0,0,0,0,0,0,0,0,0,0.005083349
999,0,0,0,0,0,0,0,0,0,0,0,0,0,0,0,0,0,0,0,0,0.085583847
1000,0,0,0,0,0,0,0,0,0,0,0,0,0,0,0,0,0,0,0,0,0.473339257
1001,0,0,0,0,0,0,0,0,0,0,0,0,0,0,0,0,0,0,0,0,0.899163554
1002,0,0,0,0,0,0,0,0,0,0,0,0,0,0,0,0,0,0,0,0,0.995561232
1003,0,0,0,0,0,0,0,0,0,0,0,0,0,0,0,0,0,0,0,0,0.979731605
1004,0,0,0,0,0,0,0,0,0,0,0,0,0,0,0,0,0,0,0,0,0.952804162
1005,0,0,0,0,0,0,0,0,0,0,0,0,0,0,0,0,0,0,0,0,0.928578509
1006,0,0,0,0,0,0,0,0,0,0,0,0,0,0,0,0,0,0,0,0,0.905455377
1007,0,0,0,0,0,0,0,0,0,0,0,0,0,0,0,0,0,0,0,0,0.882502796
1008,0,0,0,0,0,0,0,0,0,0,0,0,0,0,0,0,0,0,0,0,0.859386306
1009,0,0,0,0,0,0,0,0,0,0,0,0,0,0,0,0,0,0,0,0,0.837713062
1010,0,0,0,0,0,0,0,0,0,0,0,0,0,0,0,0,0,0,0,0,0.817262155
1011,0,0,0,0,0,0,0,0,0,0,0,0,0,0,0,0,0,0,0,0,0.792282288
1012,0,0,0,0,0,0,0,0,0,0,0,0,0,0,0,0,0,0,0,0,0.7678363
1013,0,0,0,0,0,0,0,0,0,0,0,0,0,0,0,0,0,0,0,0,0.744761969
1014,0,0,0,0,0,0,0,0,0,0,0,0,0,0,0,0,0,0,0,0,0.721951464
1015,0,0,0,0,0,0,0,0,0,0,0,0,0,0,0,0,0,0,0,0,0.700100931
1016,0,0,0,0,0,0,0,0,0,0,0,0,0,0,0,0,0,0,0,0,0.679955199
1017,0,0,0,0,0,0,0,0,0,0,0,0,0,0,0,0,0,0,0,0,0.656684006
1018,0,0,0,0,0,0,0,0,0,0,0,0,0,0,0,0,0,0,0,0,0.632182943
1019,0,0,0,0,0,0,0,0,0,0,0,0,0,0,0,0,0,0,0,0,0.609356458
1020,0,0,0,0,0,0,0,0,0,0,0,0,0,0,0,0,0,0,0,0,0.587041906
1021,0,0,0,0,0,0,0,0,0,0,0,0,0,0,0,0,0,0,0,0,0.565216757
1022,0,0,0,0,0,0,0,0,0,0,0,0,0,0,0,0,0,0,0,0,0.544923284
1023,0,0,0,0,0,0,0,0,0,0,0,0,0,0,0,0,0,0,0,0,0.522860159
1024,0,0,0,0,0,0,0,0,0,0,0,0,0,0,0,0,0,0,0,0,0.498860042
1025,0,0,0,0,0,0,0,0,0,0,0,0,0,0,0,0,0,0,0,0,0.476435925
1026,0,0,0,0,0,0,0,0,0,0,0,0,0,0,0,0,0,0,0,0,0.454831736
1027,0,0,0,0,0,0,0,0,0,0,0,0,0,0,0,0,0,0,0,0,0.434477613
1028,0,0,0,0,0,0,0,0,0,0,0,0,0,0,0,0,0,0,0,0,0.41268545
1029,0,0,0,0,0,0,0,0,0,0,0,0,0,0,0,0,0,0,0,0,0.389412121
1030,0,0,0,0,0,0,0,0,0,0,0,0,0,0,0,0,0,0,0,0,0.367394694
1031,0,0,0,0,0,0,0,0,0,0,0,0,0,0,0,0,0,0,0,0,0.345802277
1032,0,0,0,0,0,0,0,0,0,0,0,0,0,0,0,0,0,0,0,0,0.324446937
1033,0,0,0,0,0,0,0,0,0,0,0,0,0,0,0,0,0,0,0,0,0.303734252
1034,0,0,0,0,0,0,0,0,0,0,0,0,0,0,0,0,0,0,0,0,0.282717966
1035,0,0,0,0,0,0,0,0,0,0,0,0,0,0,0,0,0,0,0,0,0.260349117
1036,0,0,0,0,0,0,0,0,0,0,0,0,0,0,0,0,0,0,0,0,0.238710067
1037,0,0,0,0,0,0,0,0,0,0,0,0,0,0,0,0,0,0,0,0,0.217584055
1038,0,0,0,0,0,0,0,0,0,0,0,0,0,0,0,0,0,0,0,0,0.195998682
1039,0,0,0,0,0,0,0,0,0,0,0,0,0,0,0,0,0,0,0,0,0.159836953
1040,0,0,0,0,0,0,0,0,0,0,0,0,0,0,0,0,0,0,0,0,0.079814263
1041,0,0,0,0,0,0,0,0,0,0,0,0,0,0,0,0,0,0,0,0,0.014188263
1042,0,0,0,0,0,0,0,0,0,0,0,0,0,0,0,0,0,0,0,0,0.000734093
1043,0,0,0,0,0,0,0,0,0,0,0,0,0,0,0,0,0,0,0,0,0
1044,0,0,0,0,0,0,0,0,0,0,0,0,0,0,0,0,0,0,0,0,0
1045,0,0,0,0,0,0,0,0,0,0,0,0,0,0,0,0,0,0,0,0,0
1046,0,0,0,0,0,0,0,0,0,0,0,0,0,0,0,0,0,0,0,0,0
1047,0,0,0,0,0,0,0,0,0,0,0,0,0,0,0,0,0,0,0,0,0
1048,0,0,0,0,0,0,0,0,0,0,0,0,0,0,0,0,0,0,0,0,0
1049,0,0,0,0,0,0,0,0,0,0,0,0,0,0,0,0,0,0,0,0,0
1050,0,0,0,0,0,0,0,0,0,0,0,0,0,0,0,0,0,0,0,0,0
1051,0,0,0,0,0,0,0,0,0,0,0,0,0,0,0,0,0,0,0,0,0
1052,0,0,0,0,0,0,0,0,0,0,0,0,0,0,0,0,0,0,0,0,0
1053,0,0,0,0,0,0,0,0,0,0,0,0,0,0,0,0,0,0,0,0,0
1054,0,0,0,0,0,0,0,0,0,0,0,0,0,0,0,0,0,0,0,0,0
1055,0,0,0,0,0,0,0,0,0,0,0,0,0,0,0,0,0,0,0,0,0
1056,0,0,0,0,0,0,0,0,0,0,0,0,0,0,0,0,0,0,0,0,0
1057,0,0,0,0,0,0,0,0,0,0,0,0,0,0,0,0,0,0,0,0,0
1058,0,0,0,0,0,0,0,0,0,0,0,0,0,0,0,0,0,0,0,0,0
1059,0,0,0,0,0,0,0,0,0,0,0,0,0,0,0,0,0,0,0,0,0
1060,0,0,0,0,0,0,0,0,0,0,0,0,0,0,0,0,0,0,0,0,0
1061,0,0,0,0,0,0,0,0,0,0,0,0,0,0,0,0,0,0,0,0,0
1062,0,0,0,0,0,0,0,0,0,0,0,0,0,0,0,0,0,0,0,0,0
1063,0,0,0,0,0,0,0,0,0,0,0,0,0,0,0,0,0,0,0,0,0
1064,0,0,0,0,0,0,0,0,0,0,0,0,0,0,0,0,0,0,0,0,0
1065,0,0,0,0,0,0,0,0,0,0,0,0,0,0,0,0,0,0,0,0,0
1066,0,0,0,0,0,0,0,0,0,0,0,0,0,0,0,0,0,0,0,0,0
1067,0,0,0,0,0,0,0,0,0,0,0,0,0,0,0,0,0,0,0,0,0
1068,0,0,0,0,0,0,0,0,0,0,0,0,0,0,0,0,0,0,0,0,0
1069,0,0,0,0,0,0,0,0,0,0,0,0,0,0,0,0,0,0,0,0,0
1070,0,0,0,0,0,0,0,0,0,0,0,0,0,0,0,0,0,0,0,0,0
1071,0,0,0,0,0,0,0,0,0,0,0,0,0,0,0,0,0,0,0,0,0
1072,0,0,0,0,0,0,0,0,0,0,0,0,0,0,0,0,0,0,0,0,0
1073,0,0,0,0,0,0,0,0,0,0,0,0,0,0,0,0,0,0,0,0,0
1074,0,0,0,0,0,0,0,0,0,0,0,0,0,0,0,0,0,0,0,0,0
1075,0,0,0,0,0,0,0,0,0,0,0,0,0,0,0,0,0,0,0,0,0
1076,0,0,0,0,0,0,0,0,0,0,0,0,0,0,0,0,0,0,0,0,0
1077,0,0,0,0,0,0,0,0,0,0,0,0,0,0,0,0,0,0,0,0,0
1078,0,0,0,0,0,0,0,0,0,0,0,0,0,0,0,0,0,0,0,0,0
1079,0,0,0,0,0,0,0,0,0,0,0,0,0,0,0,0,0,0,0,0,0
1080,0,0,0,0,0,0,0,0,0,0,0,0,0,0,0,0,0,0,0,0,0
1081,0,0,0,0,0,0,0,0,0,0,0,0,0,0,0,0,0,0,0,0,0
1082,0,0,0,0,0,0,0,0,0,0,0,0,0,0,0,0,0,0,0,0,0
1083,0,0,0,0,0,0,0,0,0,0,0,0,0,0,0,0,0,0,0,0,0
1084,0,0,0,0,0,0,0,0,0,0,0,0,0,0,0,0,0,0,0,0,0
1085,0,0,0,0,0,0,0,0,0,0,0,0,0,0,0,0,0,0,0,0,0
1086,0,0,0,0,0,0,0,0,0,0,0,0,0,0,0,0,0,0,0,0,0
1087,0,0,0,0,0,0,0,0,0,0,0,0,0,0,0,0,0,0,0,0,0
1088,0,0,0,0,0,0,0,0,0,0,0,0,0,0,0,0,0,0,0,0,0
1089,0,0,0,0,0,0,0,0,0,0,0,0,0,0,0,0,0,0,0,0,0
1090,0,0,0,0,0,0,0,0,0,0,0,0,0,0,0,0,0,0,0,0,0
1091,0,0,0,0,0,0,0,0,0,0,0,0,0,0,0,0,0,0,0,0,0
1092,0,0,0,0,0,0,0,0,0,0,0,0,0,0,0,0,0,0,0,0,0
1093,0,0,0,0,0,0,0,0,0,0,0,0,0,0,0,0,0,0,0,0,0
1094,0,0,0,0,0,0,0,0,0,0,0,0,0,0,0,0,0,0,0,0,0
1095,0,0,0,0,0,0,0,0,0,0,0,0,0,0,0,0,0,0,0,0,0
1096,0,0,0,0,0,0,0,0,0,0,0,0,0,0,0,0,0,0,0,0,0
1097,0,0,0,0,0,0,0,0,0,0,0,0,0,0,0,0,0,0,0,0,0
1098,0,0,0,0,0,0,0,0,0,0,0,0,0,0,0,0,0,0,0,0,0
1099,0,0,0,0,0,0,0,0,0,0,0,0,0,0,0,0,0,0,0,0,0
1100,0,0,0,0,0,0,0,0,0,0,0,0,0,0,0,0,0,0,0,0,0
